<?xml version="1.0" encoding="UTF-8"?>
<project-private xmlns="http://www.netbeans.org/ns/project-private/1">
    <editor-bookmarks xmlns="http://www.netbeans.org/ns/editor-bookmarks/2" lastBookmarkId="0"/>
    <open-files xmlns="http://www.netbeans.org/ns/projectui-open-files/2">
        <group>
            <file>file:/C:/Users/hoang/Downloads/chat_rmi_java-master/chatClient/src/com/remote/client/LoginView.java</file>
            <file>file:/C:/Users/hoang/Downloads/chat_rmi_java-master/chatClient/src/com/remote/client/ChatClient.java</file>
            <file>file:/C:/Users/hoang/Downloads/chat_rmi_java-master/chatClient/src/com/remote/client/file-upload.png</file>
            <file>file:/C:/Users/hoang/Downloads/chat_rmi_java-master/chatClient/src/com/remote/client/chat.jpg</file>
            <file>file:/C:/Users/hoang/Downloads/chat_rmi_java-master/chatClient/src/com/remote/client/InterfaceClient.java</file>
            <file>file:/C:/Users/hoang/Downloads/chat_rmi_java-master/chatClient/src/com/remote/client/ChatView.java</file>
            <file>file:/C:/Users/hoang/Downloads/chat_rmi_java-master/chatClient/src/com/remote/client/login.png</file>
        </group>
    </open-files>
</project-private>
